	{

		"metadata": {
			"formatVersion" : 3.1,
			"generatedBy"   : "Blender 2.7 Exporter",
			"vertices"      : 16,
			"faces"         : 14,
			"normals"       : 14,
			"colors"        : 0,
			"uvs"           : [11],
			"materials"     : 1,
			"morphTargets"  : 0,
			"bones"         : 0
		},

			"scale" : 1.000000,
			
			"vertices" : [-4.54202,9.42051,27.0648,23.6528,9.42051,27.0648,23.6528,9.42051,-2.88393,-4.54202,9.42051,-2.88393,23.6528,-1.27922,-2.88393,-4.54202,-1.27922,-2.88393,23.6528,-1.27922,27.0648,-4.54202,-1.27922,27.0648,-4.53821,9.41908,27.0648,23.6528,9.41849,27.0648,23.6528,9.41908,-2.87989,-4.53891,9.41935,-2.88063,23.6528,-1.27779,-2.87989,-4.53891,-1.27805,-2.88063,23.6528,-1.2772,27.0648,-4.53821,-1.27779,27.0648],
			"faces"    : [43,0,1,2,3,0,0,1,2,3,0,1,2,3,43,3,2,4,5,0,3,2,4,5,3,2,4,5,43,5,4,6,7,0,5,4,6,7,5,4,6,7,43,0,3,5,7,0,0,8,9,10,0,3,5,7,43,11,10,9,8,0,3,2,1,0,8,9,8,10,43,13,12,10,11,0,5,4,2,3,11,12,9,8,43,15,14,12,13,0,7,6,4,5,13,11,12,11,43,15,13,11,8,0,10,9,8,0,13,11,8,10,43,6,4,12,14,0,6,4,4,6,6,4,12,11,43,1,0,8,9,0,1,0,0,1,1,0,10,8,43,7,6,14,15,0,7,6,6,7,7,6,11,13,43,0,7,15,8,0,0,10,10,0,0,7,13,10,43,2,1,9,10,0,2,1,1,2,2,1,8,9,43,4,2,10,12,0,4,2,2,4,4,2,9,12],
			"uvs"      : [[0.375,0.25,0.625,0.25,0.625,0.5,0.375,0.5,0.625,0.75,0.375,0.75,0.625,1,0.375,1,0.125,0.25,0.125,0,0.375,0]],
			"normals"  : [-0.577563,0.577227,0.577227,0.577349,0.577349,0.577349,0.577349,0.577349,-0.577349,-0.577349,0.577349,-0.577349,0.577349,-0.577349,-0.577349,-0.577349,-0.577349,-0.577349,0.577349,-0.577349,0.577349,-0.577563,-0.577227,0.577227,0.577319,-0.577349,0.577319,0.904508,-0.301492,0.301492,0.301248,-0.301523,0.904599,0.577319,0.577349,0.577319,0.904508,0.301492,0.301492,0.301248,0.301523,0.904599],
			
			"skinIndices"  : [],
			"skinWeights"  : [],
			"morphTargets" : [],
			
			"bones"      : [],
			"animations" : [],
			
			"colors"    : [],
			"materials" : [
				{
					"DbgColor": 15658734,
					"DbgIndex": 0,
					"DbgName": "Material.003",
					"blending": "NormalBlending",
					"colorAmbient": [0.6400000190734865, 0.6400000190734865, 0.6400000190734865],
					"colorDiffuse": [0.6400000190734865, 0.6400000190734865, 0.6400000190734865],
					"colorEmissive": [0.0, 0.0, 0.0],
					"colorSpecular": [0.5, 0.5, 0.5],
					"depthTest": true,
					"depthWrite": true,
					"shading": "Lambert",
					"specularCoef": 50,
					"transparency": 1.0,
					"transparent": false,
					"vertexColors": false
				}
			]


	}
